[
{
    "model": "movies.genre",
    "pk": 12,
    "fields": {
        "name": "모험"
    }
},
{
    "model": "movies.genre",
    "pk": 14,
    "fields": {
        "name": "판타지"
    }
},
{
    "model": "movies.genre",
    "pk": 16,
    "fields": {
        "name": "애니메이션"
    }
},
{
    "model": "movies.genre",
    "pk": 18,
    "fields": {
        "name": "드라마"
    }
},
{
    "model": "movies.genre",
    "pk": 27,
    "fields": {
        "name": "공포"
    }
},
{
    "model": "movies.genre",
    "pk": 28,
    "fields": {
        "name": "액션"
    }
},
{
    "model": "movies.genre",
    "pk": 35,
    "fields": {
        "name": "코미디"
    }
},
{
    "model": "movies.genre",
    "pk": 36,
    "fields": {
        "name": "역사"
    }
},
{
    "model": "movies.genre",
    "pk": 37,
    "fields": {
        "name": "서부"
    }
},
{
    "model": "movies.genre",
    "pk": 53,
    "fields": {
        "name": "스릴러"
    }
},
{
    "model": "movies.genre",
    "pk": 80,
    "fields": {
        "name": "범죄"
    }
},
{
    "model": "movies.genre",
    "pk": 99,
    "fields": {
        "name": "다큐멘터리"
    }
},
{
    "model": "movies.genre",
    "pk": 878,
    "fields": {
        "name": "SF"
    }
},
{
    "model": "movies.genre",
    "pk": 9648,
    "fields": {
        "name": "미스터리"
    }
},
{
    "model": "movies.genre",
    "pk": 10402,
    "fields": {
        "name": "음악"
    }
},
{
    "model": "movies.genre",
    "pk": 10749,
    "fields": {
        "name": "로맨스"
    }
},
{
    "model": "movies.genre",
    "pk": 10751,
    "fields": {
        "name": "가족"
    }
},
{
    "model": "movies.genre",
    "pk": 10752,
    "fields": {
        "name": "전쟁"
    }
},
{
    "model": "movies.genre",
    "pk": 10770,
    "fields": {
        "name": "TV 영화"
    }
},
{
    "model": "movies.actor",
    "pk": 31,
    "fields": {
        "name": "Tom Hanks"
    }
},
{
    "model": "movies.actor",
    "pk": 287,
    "fields": {
        "name": "Brad Pitt"
    }
},
{
    "model": "movies.actor",
    "pk": 500,
    "fields": {
        "name": "Tom Cruise"
    }
},
{
    "model": "movies.actor",
    "pk": 520,
    "fields": {
        "name": "Sarah Jessica Parker"
    }
},
{
    "model": "movies.actor",
    "pk": 524,
    "fields": {
        "name": "Natalie Portman"
    }
},
{
    "model": "movies.actor",
    "pk": 1283,
    "fields": {
        "name": "Helena Bonham Carter"
    }
},
{
    "model": "movies.actor",
    "pk": 2461,
    "fields": {
        "name": "Mel Gibson"
    }
},
{
    "model": "movies.actor",
    "pk": 2614,
    "fields": {
        "name": "Mothusi Magano"
    }
},
{
    "model": "movies.actor",
    "pk": 2975,
    "fields": {
        "name": "Laurence Fishburne"
    }
},
{
    "model": "movies.actor",
    "pk": 3894,
    "fields": {
        "name": "Christian Bale"
    }
},
{
    "model": "movies.actor",
    "pk": 4783,
    "fields": {
        "name": "Sam Neill"
    }
},
{
    "model": "movies.actor",
    "pk": 4784,
    "fields": {
        "name": "Laura Dern"
    }
},
{
    "model": "movies.actor",
    "pk": 4785,
    "fields": {
        "name": "Jeff Goldblum"
    }
},
{
    "model": "movies.actor",
    "pk": 5528,
    "fields": {
        "name": "William Moseley"
    }
},
{
    "model": "movies.actor",
    "pk": 6086,
    "fields": {
        "name": "Devid Striesow"
    }
},
{
    "model": "movies.actor",
    "pk": 6161,
    "fields": {
        "name": "Jennifer Connelly"
    }
},
{
    "model": "movies.actor",
    "pk": 6863,
    "fields": {
        "name": "Kevin Dillon"
    }
},
{
    "model": "movies.actor",
    "pk": 6885,
    "fields": {
        "name": "Charlize Theron"
    }
},
{
    "model": "movies.actor",
    "pk": 7060,
    "fields": {
        "name": "Martin Freeman"
    }
},
{
    "model": "movies.actor",
    "pk": 11074,
    "fields": {
        "name": "Kathy Najimy"
    }
},
{
    "model": "movies.actor",
    "pk": 11150,
    "fields": {
        "name": "Gina Gershon"
    }
},
{
    "model": "movies.actor",
    "pk": 11207,
    "fields": {
        "name": "David Thewlis"
    }
},
{
    "model": "movies.actor",
    "pk": 11703,
    "fields": {
        "name": "Kerry Washington"
    }
},
{
    "model": "movies.actor",
    "pk": 12041,
    "fields": {
        "name": "Julia Stiles"
    }
},
{
    "model": "movies.actor",
    "pk": 15277,
    "fields": {
        "name": "Jon Favreau"
    }
},
{
    "model": "movies.actor",
    "pk": 18702,
    "fields": {
        "name": "Mark Dacascos"
    }
},
{
    "model": "movies.actor",
    "pk": 18918,
    "fields": {
        "name": "Dwayne Johnson"
    }
},
{
    "model": "movies.actor",
    "pk": 18997,
    "fields": {
        "name": "Bryce Dallas Howard"
    }
},
{
    "model": "movies.actor",
    "pk": 19197,
    "fields": {
        "name": "John Robinson"
    }
},
{
    "model": "movies.actor",
    "pk": 20671,
    "fields": {
        "name": "Assaad Bouab"
    }
},
{
    "model": "movies.actor",
    "pk": 24045,
    "fields": {
        "name": "Joseph Gordon-Levitt"
    }
},
{
    "model": "movies.actor",
    "pk": 25382,
    "fields": {
        "name": "Megalyn Echikunwoke"
    }
},
{
    "model": "movies.actor",
    "pk": 26282,
    "fields": {
        "name": "Nicolas Cazalé"
    }
},
{
    "model": "movies.actor",
    "pk": 27428,
    "fields": {
        "name": "Aaron Taylor-Johnson"
    }
},
{
    "model": "movies.actor",
    "pk": 34627,
    "fields": {
        "name": "Nadia Farès"
    }
},
{
    "model": "movies.actor",
    "pk": 39659,
    "fields": {
        "name": "Burn Gorman"
    }
},
{
    "model": "movies.actor",
    "pk": 43643,
    "fields": {
        "name": "Frank Lammers"
    }
},
{
    "model": "movies.actor",
    "pk": 47296,
    "fields": {
        "name": "Jeffrey Dean Morgan"
    }
},
{
    "model": "movies.actor",
    "pk": 47335,
    "fields": {
        "name": "Ouassini Embarek"
    }
},
{
    "model": "movies.actor",
    "pk": 49265,
    "fields": {
        "name": "Lindsay Lohan"
    }
},
{
    "model": "movies.actor",
    "pk": 51995,
    "fields": {
        "name": "Theo Rossi"
    }
},
{
    "model": "movies.actor",
    "pk": 53493,
    "fields": {
        "name": "Kal Penn"
    }
},
{
    "model": "movies.actor",
    "pk": 54633,
    "fields": {
        "name": "Grace Caroline Currey"
    }
},
{
    "model": "movies.actor",
    "pk": 55012,
    "fields": {
        "name": "João Miguel"
    }
},
{
    "model": "movies.actor",
    "pk": 58014,
    "fields": {
        "name": "Rossif Sutherland"
    }
},
{
    "model": "movies.actor",
    "pk": 59219,
    "fields": {
        "name": "Kyle Gallner"
    }
},
{
    "model": "movies.actor",
    "pk": 59817,
    "fields": {
        "name": "Jaimie Alexander"
    }
},
{
    "model": "movies.actor",
    "pk": 60719,
    "fields": {
        "name": "Hiro Kanagawa"
    }
},
{
    "model": "movies.actor",
    "pk": 61632,
    "fields": {
        "name": "Dustin Nguyen"
    }
},
{
    "model": "movies.actor",
    "pk": 62561,
    "fields": {
        "name": "Tessa Thompson"
    }
},
{
    "model": "movies.actor",
    "pk": 65510,
    "fields": {
        "name": "Mayumi Tanaka"
    }
},
{
    "model": "movies.actor",
    "pk": 65717,
    "fields": {
        "name": "Jon Hamm"
    }
},
{
    "model": "movies.actor",
    "pk": 71580,
    "fields": {
        "name": "Benedict Cumberbatch"
    }
},
{
    "model": "movies.actor",
    "pk": 73457,
    "fields": {
        "name": "Chris Pratt"
    }
},
{
    "model": "movies.actor",
    "pk": 73931,
    "fields": {
        "name": "Bette Midler"
    }
},
{
    "model": "movies.actor",
    "pk": 73968,
    "fields": {
        "name": "Henry Cavill"
    }
},
{
    "model": "movies.actor",
    "pk": 74568,
    "fields": {
        "name": "Chris Hemsworth"
    }
},
{
    "model": "movies.actor",
    "pk": 77517,
    "fields": {
        "name": "Isabelle Fuhrman"
    }
},
{
    "model": "movies.actor",
    "pk": 81418,
    "fields": {
        "name": "Karine Vanasse"
    }
},
{
    "model": "movies.actor",
    "pk": 82104,
    "fields": {
        "name": "Danai Gurira"
    }
},
{
    "model": "movies.actor",
    "pk": 83271,
    "fields": {
        "name": "Glen Powell"
    }
},
{
    "model": "movies.actor",
    "pk": 83860,
    "fields": {
        "name": "Aldis Hodge"
    }
},
{
    "model": "movies.actor",
    "pk": 83966,
    "fields": {
        "name": "Pascale Arbillot"
    }
},
{
    "model": "movies.actor",
    "pk": 84507,
    "fields": {
        "name": "Kazuya Nakai"
    }
},
{
    "model": "movies.actor",
    "pk": 87126,
    "fields": {
        "name": "Michelle Thrush"
    }
},
{
    "model": "movies.actor",
    "pk": 90133,
    "fields": {
        "name": "Akemi Okamura"
    }
},
{
    "model": "movies.actor",
    "pk": 90561,
    "fields": {
        "name": "Shuichi Ikeda"
    }
},
{
    "model": "movies.actor",
    "pk": 93913,
    "fields": {
        "name": "Frank Rautenbach"
    }
},
{
    "model": "movies.actor",
    "pk": 95956,
    "fields": {
        "name": "Luc Picard"
    }
},
{
    "model": "movies.actor",
    "pk": 101626,
    "fields": {
        "name": "Dan Southworth"
    }
},
{
    "model": "movies.actor",
    "pk": 102222,
    "fields": {
        "name": "Carmen Machi"
    }
},
{
    "model": "movies.actor",
    "pk": 110424,
    "fields": {
        "name": "Alberto Ammann"
    }
},
{
    "model": "movies.actor",
    "pk": 114019,
    "fields": {
        "name": "Luke Evans"
    }
},
{
    "model": "movies.actor",
    "pk": 114460,
    "fields": {
        "name": "Alexandra Jiménez"
    }
},
{
    "model": "movies.actor",
    "pk": 114463,
    "fields": {
        "name": "Michelle Jenner"
    }
},
{
    "model": "movies.actor",
    "pk": 114725,
    "fields": {
        "name": "Kanata Hongo"
    }
},
{
    "model": "movies.actor",
    "pk": 119592,
    "fields": {
        "name": "Aubrey Plaza"
    }
},
{
    "model": "movies.actor",
    "pk": 125025,
    "fields": {
        "name": "Joey King"
    }
},
{
    "model": "movies.actor",
    "pk": 126771,
    "fields": {
        "name": "Diego Martín"
    }
},
{
    "model": "movies.actor",
    "pk": 135651,
    "fields": {
        "name": "Michael B. Jordan"
    }
},
{
    "model": "movies.actor",
    "pk": 138887,
    "fields": {
        "name": "Jack Wagner"
    }
},
{
    "model": "movies.actor",
    "pk": 145245,
    "fields": {
        "name": "Caitlin Stasey"
    }
},
{
    "model": "movies.actor",
    "pk": 164945,
    "fields": {
        "name": "Sarah Shahi"
    }
},
{
    "model": "movies.actor",
    "pk": 172069,
    "fields": {
        "name": "Chadwick Boseman"
    }
},
{
    "model": "movies.actor",
    "pk": 177129,
    "fields": {
        "name": "Alexander Kuznetsov"
    }
},
{
    "model": "movies.actor",
    "pk": 198847,
    "fields": {
        "name": "Jessie T. Usher"
    }
},
{
    "model": "movies.actor",
    "pk": 203473,
    "fields": {
        "name": "Kaori Nazuka"
    }
},
{
    "model": "movies.actor",
    "pk": 212930,
    "fields": {
        "name": "Edin Hasanović"
    }
},
{
    "model": "movies.actor",
    "pk": 220692,
    "fields": {
        "name": "Alban Lenoir"
    }
},
{
    "model": "movies.actor",
    "pk": 221633,
    "fields": {
        "name": "Sébastien Lalanne"
    }
},
{
    "model": "movies.actor",
    "pk": 226366,
    "fields": {
        "name": "Brian Tyree Henry"
    }
},
{
    "model": "movies.actor",
    "pk": 232501,
    "fields": {
        "name": "Chord Overstreet"
    }
},
{
    "model": "movies.actor",
    "pk": 238523,
    "fields": {
        "name": "Katerina Shpitsa"
    }
},
{
    "model": "movies.actor",
    "pk": 240742,
    "fields": {
        "name": "Guillaume Cyr"
    }
},
{
    "model": "movies.actor",
    "pk": 505710,
    "fields": {
        "name": "Zendaya"
    }
},
{
    "model": "movies.actor",
    "pk": 567001,
    "fields": {
        "name": "Géza Weisz"
    }
},
{
    "model": "movies.actor",
    "pk": 945542,
    "fields": {
        "name": "Jasper Cole"
    }
},
{
    "model": "movies.actor",
    "pk": 996701,
    "fields": {
        "name": "Miles Teller"
    }
},
{
    "model": "movies.actor",
    "pk": 1003260,
    "fields": {
        "name": "Nassim Lyes"
    }
},
{
    "model": "movies.actor",
    "pk": 1018984,
    "fields": {
        "name": "Sofia Essaïdi"
    }
},
{
    "model": "movies.actor",
    "pk": 1021607,
    "fields": {
        "name": "Luis Posada"
    }
},
{
    "model": "movies.actor",
    "pk": 1061054,
    "fields": {
        "name": "Julian Black Antelope"
    }
},
{
    "model": "movies.actor",
    "pk": 1070855,
    "fields": {
        "name": "Peter Brooke"
    }
},
{
    "model": "movies.actor",
    "pk": 1083010,
    "fields": {
        "name": "Letitia Wright"
    }
},
{
    "model": "movies.actor",
    "pk": 1094091,
    "fields": {
        "name": "Maika Monroe"
    }
},
{
    "model": "movies.actor",
    "pk": 1111158,
    "fields": {
        "name": "Albrecht Schuch"
    }
},
{
    "model": "movies.actor",
    "pk": 1112244,
    "fields": {
        "name": "Susan Radder"
    }
},
{
    "model": "movies.actor",
    "pk": 1136406,
    "fields": {
        "name": "Tom Holland"
    }
},
{
    "model": "movies.actor",
    "pk": 1142724,
    "fields": {
        "name": "Stephanie Corneliussen"
    }
},
{
    "model": "movies.actor",
    "pk": 1145003,
    "fields": {
        "name": "Stéfi Celma"
    }
},
{
    "model": "movies.actor",
    "pk": 1164823,
    "fields": {
        "name": "Óscar Barberán"
    }
},
{
    "model": "movies.actor",
    "pk": 1181396,
    "fields": {
        "name": "Chris Chameleon"
    }
},
{
    "model": "movies.actor",
    "pk": 1190554,
    "fields": {
        "name": "Catherine Corcoran"
    }
},
{
    "model": "movies.actor",
    "pk": 1206337,
    "fields": {
        "name": "Hugh Skinner"
    }
},
{
    "model": "movies.actor",
    "pk": 1240118,
    "fields": {
        "name": "Sara Maldonado"
    }
},
{
    "model": "movies.actor",
    "pk": 1247874,
    "fields": {
        "name": "Ryosuke Yamada"
    }
},
{
    "model": "movies.actor",
    "pk": 1251069,
    "fields": {
        "name": "Nathalie Emmanuel"
    }
},
{
    "model": "movies.actor",
    "pk": 1253353,
    "fields": {
        "name": "Noah Centineo"
    }
},
{
    "model": "movies.actor",
    "pk": 1255487,
    "fields": {
        "name": "Tsubasa Honda"
    }
},
{
    "model": "movies.actor",
    "pk": 1260914,
    "fields": {
        "name": "Laura Galán"
    }
},
{
    "model": "movies.actor",
    "pk": 1265148,
    "fields": {
        "name": "Alena Konstantinova"
    }
},
{
    "model": "movies.actor",
    "pk": 1267329,
    "fields": {
        "name": "Lupita Nyong'o"
    }
},
{
    "model": "movies.actor",
    "pk": 1267375,
    "fields": {
        "name": "Anna Akana"
    }
},
{
    "model": "movies.actor",
    "pk": 1279279,
    "fields": {
        "name": "Virginia Gardner"
    }
},
{
    "model": "movies.actor",
    "pk": 1280426,
    "fields": {
        "name": "Egor Koreshkov"
    }
},
{
    "model": "movies.actor",
    "pk": 1287876,
    "fields": {
        "name": "Noortje Herlaar"
    }
},
{
    "model": "movies.actor",
    "pk": 1303873,
    "fields": {
        "name": "Jenna Kanell"
    }
},
{
    "model": "movies.actor",
    "pk": 1310902,
    "fields": {
        "name": "Bárbara de Regil"
    }
},
{
    "model": "movies.actor",
    "pk": 1327613,
    "fields": {
        "name": "Karl Glusman"
    }
},
{
    "model": "movies.actor",
    "pk": 1356210,
    "fields": {
        "name": "Millie Bobby Brown"
    }
},
{
    "model": "movies.actor",
    "pk": 1358443,
    "fields": {
        "name": "Izel Bezuidenhout"
    }
},
{
    "model": "movies.actor",
    "pk": 1396124,
    "fields": {
        "name": "Sosie Bacon"
    }
},
{
    "model": "movies.actor",
    "pk": 1447932,
    "fields": {
        "name": "Winston Duke"
    }
},
{
    "model": "movies.actor",
    "pk": 1462267,
    "fields": {
        "name": "Yuina Kuroshima"
    }
},
{
    "model": "movies.actor",
    "pk": 1486382,
    "fields": {
        "name": "Holly Mae Brood"
    }
},
{
    "model": "movies.actor",
    "pk": 1488591,
    "fields": {
        "name": "Atomu Mizuishi"
    }
},
{
    "model": "movies.actor",
    "pk": 1494194,
    "fields": {
        "name": "Sophia Anne Caruso"
    }
},
{
    "model": "movies.actor",
    "pk": 1510952,
    "fields": {
        "name": "Adrian Grösser"
    }
},
{
    "model": "movies.actor",
    "pk": 1526694,
    "fields": {
        "name": "Pooya Mohseni"
    }
},
{
    "model": "movies.actor",
    "pk": 1558986,
    "fields": {
        "name": "Louis Partridge"
    }
},
{
    "model": "movies.actor",
    "pk": 1609925,
    "fields": {
        "name": "Julián Valcárcel"
    }
},
{
    "model": "movies.actor",
    "pk": 1622199,
    "fields": {
        "name": "George Young"
    }
},
{
    "model": "movies.actor",
    "pk": 1649152,
    "fields": {
        "name": "Jacob Batalon"
    }
},
{
    "model": "movies.actor",
    "pk": 1654001,
    "fields": {
        "name": "Amber Midthunder"
    }
},
{
    "model": "movies.actor",
    "pk": 1658206,
    "fields": {
        "name": "Pierre-Paul Alain"
    }
},
{
    "model": "movies.actor",
    "pk": 1658375,
    "fields": {
        "name": "Andrew Koji"
    }
},
{
    "model": "movies.actor",
    "pk": 1660839,
    "fields": {
        "name": "Anthony Bajon"
    }
},
{
    "model": "movies.actor",
    "pk": 1676771,
    "fields": {
        "name": "Samantha Scaffidi"
    }
},
{
    "model": "movies.actor",
    "pk": 1683979,
    "fields": {
        "name": "Robin-Joël Cool"
    }
},
{
    "model": "movies.actor",
    "pk": 1710851,
    "fields": {
        "name": "Alexis Manenti"
    }
},
{
    "model": "movies.actor",
    "pk": 1729496,
    "fields": {
        "name": "Thomas Doherty"
    }
},
{
    "model": "movies.actor",
    "pk": 1745329,
    "fields": {
        "name": "Nikita Volkov"
    }
},
{
    "model": "movies.actor",
    "pk": 1765068,
    "fields": {
        "name": "Cynthia Erivo"
    }
},
{
    "model": "movies.actor",
    "pk": 1768965,
    "fields": {
        "name": "Sofia Wylie"
    }
},
{
    "model": "movies.actor",
    "pk": 1807178,
    "fields": {
        "name": "Jonathan Avigdori"
    }
},
{
    "model": "movies.actor",
    "pk": 1817397,
    "fields": {
        "name": "Sydney Craven"
    }
},
{
    "model": "movies.actor",
    "pk": 1820948,
    "fields": {
        "name": "Aaron Hilmer"
    }
},
{
    "model": "movies.actor",
    "pk": 1842860,
    "fields": {
        "name": "Whitney Peak"
    }
},
{
    "model": "movies.actor",
    "pk": 1880016,
    "fields": {
        "name": "David Howard Thornton"
    }
},
{
    "model": "movies.actor",
    "pk": 1882502,
    "fields": {
        "name": "Lauren LaVera"
    }
},
{
    "model": "movies.actor",
    "pk": 1916805,
    "fields": {
        "name": "Roman Semysal"
    }
},
{
    "model": "movies.actor",
    "pk": 1922337,
    "fields": {
        "name": "Alana Boden"
    }
},
{
    "model": "movies.actor",
    "pk": 1940747,
    "fields": {
        "name": "Dali Benssalah"
    }
},
{
    "model": "movies.actor",
    "pk": 1961671,
    "fields": {
        "name": "Ana Brun"
    }
},
{
    "model": "movies.actor",
    "pk": 1978944,
    "fields": {
        "name": "Olivia Perez"
    }
},
{
    "model": "movies.actor",
    "pk": 2013136,
    "fields": {
        "name": "José Pastor"
    }
},
{
    "model": "movies.actor",
    "pk": 2039497,
    "fields": {
        "name": "Andrei Mostrenko"
    }
},
{
    "model": "movies.actor",
    "pk": 2042690,
    "fields": {
        "name": "Quintessa Swindell"
    }
},
{
    "model": "movies.actor",
    "pk": 2133996,
    "fields": {
        "name": "Dominique Thorne"
    }
},
{
    "model": "movies.actor",
    "pk": 2174509,
    "fields": {
        "name": "Mason Gooding"
    }
},
{
    "model": "movies.actor",
    "pk": 2177750,
    "fields": {
        "name": "Iñaki Godoy"
    }
},
{
    "model": "movies.actor",
    "pk": 2232024,
    "fields": {
        "name": "Maryna Koshkina"
    }
},
{
    "model": "movies.actor",
    "pk": 2252174,
    "fields": {
        "name": "Teresa Ting"
    }
},
{
    "model": "movies.actor",
    "pk": 2259660,
    "fields": {
        "name": "Madalina Anea"
    }
},
{
    "model": "movies.actor",
    "pk": 2342168,
    "fields": {
        "name": "Roman Yasinovskyi"
    }
},
{
    "model": "movies.actor",
    "pk": 2381442,
    "fields": {
        "name": "Belissa Escobedo"
    }
},
{
    "model": "movies.actor",
    "pk": 2382044,
    "fields": {
        "name": "Benjamin Evan Ainsworth"
    }
},
{
    "model": "movies.actor",
    "pk": 2385744,
    "fields": {
        "name": "Mayra Batalla"
    }
},
{
    "model": "movies.actor",
    "pk": 2563029,
    "fields": {
        "name": "Matthew Finlan"
    }
},
{
    "model": "movies.actor",
    "pk": 2738561,
    "fields": {
        "name": "Imran Adams"
    }
},
{
    "model": "movies.actor",
    "pk": 2787720,
    "fields": {
        "name": "Elliott Fullam"
    }
},
{
    "model": "movies.actor",
    "pk": 3035813,
    "fields": {
        "name": "Tamara Rocca"
    }
},
{
    "model": "movies.actor",
    "pk": 3163471,
    "fields": {
        "name": "Sami Slimane"
    }
},
{
    "model": "movies.actor",
    "pk": 3181204,
    "fields": {
        "name": "Julieth Micolta"
    }
},
{
    "model": "movies.actor",
    "pk": 3181205,
    "fields": {
        "name": "Sabrina Grinchspun"
    }
},
{
    "model": "movies.actor",
    "pk": 3258776,
    "fields": {
        "name": "Pavlo Aldoshyn"
    }
},
{
    "model": "movies.actor",
    "pk": 3316731,
    "fields": {
        "name": "Stormee Kipp"
    }
},
{
    "model": "movies.actor",
    "pk": 3326872,
    "fields": {
        "name": "Matt Barkley"
    }
},
{
    "model": "movies.actor",
    "pk": 3383606,
    "fields": {
        "name": "Sarah Voigt"
    }
},
{
    "model": "movies.actor",
    "pk": 3395098,
    "fields": {
        "name": "Daniel Nuta"
    }
},
{
    "model": "movies.actor",
    "pk": 3425159,
    "fields": {
        "name": "Jarreau Benjamin"
    }
},
{
    "model": "movies.actor",
    "pk": 3468540,
    "fields": {
        "name": "Vincent Michael Webb"
    }
},
{
    "model": "movies.actor",
    "pk": 3631223,
    "fields": {
        "name": "Felix Kammerer"
    }
},
{
    "model": "movies.actor",
    "pk": 3641083,
    "fields": {
        "name": "Anuska Alborg"
    }
},
{
    "model": "movies.actor",
    "pk": 3675371,
    "fields": {
        "name": "Dakota Beavers"
    }
},
{
    "model": "movies.actor",
    "pk": 3678959,
    "fields": {
        "name": "Kailey Hyman"
    }
},
{
    "model": "movies.actor",
    "pk": 3731854,
    "fields": {
        "name": "Phoenix Baaitse"
    }
},
{
    "model": "movies.director",
    "pk": 24,
    "fields": {
        "name": "Robert Zemeckis"
    }
},
{
    "model": "movies.director",
    "pk": 29214,
    "fields": {
        "name": "Anne Fletcher"
    }
},
{
    "model": "movies.director",
    "pk": 40684,
    "fields": {
        "name": "David Leitch"
    }
},
{
    "model": "movies.director",
    "pk": 52342,
    "fields": {
        "name": "Olivier Marchal"
    }
},
{
    "model": "movies.director",
    "pk": 55934,
    "fields": {
        "name": "Taika Waititi"
    }
},
{
    "model": "movies.director",
    "pk": 59521,
    "fields": {
        "name": "Jaume Collet-Serra"
    }
},
{
    "model": "movies.director",
    "pk": 61703,
    "fields": {
        "name": "Ron Yuan"
    }
},
{
    "model": "movies.director",
    "pk": 62079,
    "fields": {
        "name": "Janeen Damian"
    }
},
{
    "model": "movies.director",
    "pk": 62768,
    "fields": {
        "name": "William Brent Bell"
    }
},
{
    "model": "movies.director",
    "pk": 66212,
    "fields": {
        "name": "Timo Vuorensola"
    }
},
{
    "model": "movies.director",
    "pk": 70103,
    "fields": {
        "name": "Fumihiko Sori"
    }
},
{
    "model": "movies.director",
    "pk": 78207,
    "fields": {
        "name": "Romain Gavras"
    }
},
{
    "model": "movies.director",
    "pk": 86270,
    "fields": {
        "name": "Joseph Kosinski"
    }
},
{
    "model": "movies.director",
    "pk": 90502,
    "fields": {
        "name": "Goro Taniguchi"
    }
},
{
    "model": "movies.director",
    "pk": 90812,
    "fields": {
        "name": "Scott Mann"
    }
},
{
    "model": "movies.director",
    "pk": 116805,
    "fields": {
        "name": "Paul Feig"
    }
},
{
    "model": "movies.director",
    "pk": 173847,
    "fields": {
        "name": "Harry Bradbeer"
    }
},
{
    "model": "movies.director",
    "pk": 221522,
    "fields": {
        "name": "Edward Berger"
    }
},
{
    "model": "movies.director",
    "pk": 227722,
    "fields": {
        "name": "Rafaël Ouellet"
    }
},
{
    "model": "movies.director",
    "pk": 568322,
    "fields": {
        "name": "Dan Trachtenberg"
    }
},
{
    "model": "movies.director",
    "pk": 930707,
    "fields": {
        "name": "Colin Trevorrow"
    }
},
{
    "model": "movies.director",
    "pk": 933176,
    "fields": {
        "name": "Damien Leone"
    }
},
{
    "model": "movies.director",
    "pk": 964826,
    "fields": {
        "name": "Chava Cartas"
    }
},
{
    "model": "movies.director",
    "pk": 1056121,
    "fields": {
        "name": "Ryan Coogler"
    }
},
{
    "model": "movies.director",
    "pk": 1074721,
    "fields": {
        "name": "Enrique Gato"
    }
},
{
    "model": "movies.director",
    "pk": 1099792,
    "fields": {
        "name": "John Patton Ford"
    }
},
{
    "model": "movies.director",
    "pk": 1188208,
    "fields": {
        "name": "Guillaume Pierret"
    }
},
{
    "model": "movies.director",
    "pk": 1282094,
    "fields": {
        "name": "Annemarie van de Mond"
    }
},
{
    "model": "movies.director",
    "pk": 1293994,
    "fields": {
        "name": "Jon Watts"
    }
},
{
    "model": "movies.director",
    "pk": 1451203,
    "fields": {
        "name": "Chloe Okuno"
    }
},
{
    "model": "movies.director",
    "pk": 1564258,
    "fields": {
        "name": "Romuald Boulanger"
    }
},
{
    "model": "movies.director",
    "pk": 1657527,
    "fields": {
        "name": "Agustina San Martín"
    }
},
{
    "model": "movies.director",
    "pk": 1709460,
    "fields": {
        "name": "Jessica M. Thompson"
    }
},
{
    "model": "movies.director",
    "pk": 1987284,
    "fields": {
        "name": "Carlota Pereda"
    }
},
{
    "model": "movies.director",
    "pk": 2218465,
    "fields": {
        "name": "Parker Finn"
    }
},
{
    "model": "movies.director",
    "pk": 3183304,
    "fields": {
        "name": "Serik Beyseu"
    }
},
{
    "model": "movies.director",
    "pk": 3518356,
    "fields": {
        "name": "Marian Bushan"
    }
},
{
    "model": "movies.director",
    "pk": 3744992,
    "fields": {
        "name": "Fabian Medea"
    }
},
{
    "model": "movies.movie",
    "pk": 49046,
    "fields": {
        "title": "서부 전선 이상 없다",
        "release_date": "2022-10-07",
        "popularity": 1420.85,
        "vote_count": 787,
        "vote_average": 7.8,
        "overview": "제1차 세계대전 당시 서부전선에서 싸운 독일군 청년의 강렬한 이야기.  젊은 사병과 전우들은 참호 속에서 사투를 벌이며,  처음 전쟁에 대해 느꼈던 환상과 도취감이  어떻게 절망과 공포로 변해가는지를 생생하게 체험한다.",
        "poster_path": "/sNsmI4vQ1A6VG52dquTFx8oNTWk.jpg",
        "genres": [
            18,
            28,
            10752
        ],
        "actors": [
            6086,
            212930,
            1111158,
            1820948,
            3631223
        ],
        "directors": [
            221522
        ]
    }
},
{
    "model": "movies.movie",
    "pk": 284054,
    "fields": {
        "title": "블랙 팬서",
        "release_date": "2018-02-13",
        "popularity": 743.107,
        "vote_count": 19778,
        "vote_average": 7.4,
        "overview": "유엔 폭탄 테러로 아버지를 잃은 와칸다의 왕자 티찰라는 시빌 워 이후 고국 와칸다로 돌아가 왕좌에 오른다. 와칸다의 새로운 지도자 블랙팬서가 된 그는 옛 연인이자 와칸다의 스파이 나키아, 호위 무사 오코예와 함께 최강 희귀 금속 비브라늄 폭탄 거래가 이뤄지는 부산을 찾는다. 폭탄 거래의 배후에 있는 인물은 와칸다와 묘종의 연이 있는 정체불명의 남자, 에릭 킬몽거. 그는 놀라운 위력으로 티찰라를 제압하고 와칸다의 새로운 왕이 되려 하고, 이에 블랙 팬서는 피할 수 없는 전쟁에 나서는데...",
        "poster_path": "/iRkknrX0rRxZHSL79W2Rax0EFsL.jpg",
        "genres": [
            12,
            28,
            878
        ],
        "actors": [
            7060,
            82104,
            135651,
            172069,
            1267329
        ],
        "directors": [
            1056121
        ]
    }
},
{
    "model": "movies.movie",
    "pk": 361743,
    "fields": {
        "title": "탑건: 매버릭",
        "release_date": "2022-05-24",
        "popularity": 903.97,
        "vote_count": 4743,
        "vote_average": 8.3,
        "overview": "최고의 파일럿이자 전설적인 인물 매버릭은 자신이 졸업한 훈련학교 교관으로 발탁된다. 그의 명성을 모르던 팀원들은 매버릭의 지시를 무시하지만 실전을 방불케 하는 상공 훈련에서 눈으로 봐도 믿기 힘든 전설적인 조종 실력에 모두가 압도된다. 매버릭의 지휘 아래 견고한 팀워크를 쌓아가던 팀원들에게 국경을 뛰어넘는 위험한 임무가 주어지자 매버릭은 자신이 가르친 동료들과 함께 마지막이 될지 모를 하늘 위 비행에 나서는데...",
        "poster_path": "/jeqXUwNilvNqNXqAHsdwm5pEfae.jpg",
        "genres": [
            18,
            28
        ],
        "actors": [
            500,
            6161,
            65717,
            83271,
            996701
        ],
        "directors": [
            86270
        ]
    }
},
{
    "model": "movies.movie",
    "pk": 420634,
    "fields": {
        "title": "테리파이어",
        "release_date": "2016-03-15",
        "popularity": 760.305,
        "vote_count": 969,
        "vote_average": 6.6,
        "overview": "할로윈 밤. 술마시고 진탕 놀다 귀가하던 타라와 돈은 광대 복장의 남자와 맞닥뜨린다. 이들은 할로윈 코스프레를 한 찌질남으로 치부하지만, 그는 수년 전 세상을 떠들썩하게 만든 광대 살인마였고 할로윈 밤에 다시 돌아온 것이었다. 두 사람은 광대 살인마의 표적이 되는데...",
        "poster_path": "/nfRlQCl590F30L37aihuqBGBvaO.jpg",
        "genres": [
            27,
            53
        ],
        "actors": [
            1190554,
            1303873,
            1526694,
            1676771,
            1880016
        ],
        "directors": [
            933176
        ]
    }
},
{
    "model": "movies.movie",
    "pk": 436270,
    "fields": {
        "title": "블랙 아담",
        "release_date": "2022-10-19",
        "popularity": 3164.736,
        "vote_count": 1093,
        "vote_average": 6.9,
        "overview": "기원전 가장 번성하고 위대한 고대 국가였지만 현재는 국제 군사 조직 인터갱의 독재 국가로 전락한 칸다크. 인터갱의 눈을 피해 고대 유물을 찾던 '아드리아나'는 우연히 5000년 동안 잠들어 있던 '블랙 아담'을 깨우게 된다.  엄청난 괴력과 스피드, 방탄 능력과 자유자재의 고공비행, 번개를 쏘는 능력까지. 온몸이 무기인 '블랙 아담'은 자신의 앞을 막아서는 인터갱들을 모조리 쓸어버리고 칸다크 국민들은 이에 열광한다. 한편, 그의 폭주를 막기 위해 호크맨, 닥터 페이트, 아톰 스매셔, 사이클론으로 구성된 히어로 군단 '저스티스 소사이어티'가 칸다크에 나타나는데...",
        "poster_path": "/mEdMHGy1FfCUc7PskFO0tibm8jp.jpg",
        "genres": [
            14,
            28,
            878
        ],
        "actors": [
            18918,
            83860,
            164945,
            1253353,
            2042690
        ],
        "directors": [
            59521
        ]
    }
},
{
    "model": "movies.movie",
    "pk": 505642,
    "fields": {
        "title": "블랙 팬서: 와칸다 포에버",
        "release_date": "2022-11-09",
        "popularity": 4392.866,
        "vote_count": 597,
        "vote_average": 7.6,
        "overview": "국왕이자 블랙 팬서인 티찰라의 죽음 이후 수많은 강대국으로부터 위협을 받게 된 와칸다. 라몬다, 슈리 그리고 나키아, 오코예, 음바쿠는 각자 사명감을 갖고 와칸다를 지키기 위해 외로운 싸움을 이어간다. 한편, 비브라늄의 패권을 둘러싼 미스터리한 음모와 함께 깊은 해저에서 모습을 드러낸 최강의 적 네이머와 탈로칸의 전사들은 와칸다를 향해 무차별 공격을 퍼붓기 시작하는데…",
        "poster_path": "/3PCRWLeqp5y20k6XVzcamZR3BWF.jpg",
        "genres": [
            12,
            28,
            878
        ],
        "actors": [
            82104,
            1083010,
            1267329,
            1447932,
            2133996
        ],
        "directors": [
            1056121
        ]
    }
},
{
    "model": "movies.movie",
    "pk": 507086,
    "fields": {
        "title": "쥬라기 월드: 도미니언",
        "release_date": "2022-06-01",
        "popularity": 803.21,
        "vote_count": 3840,
        "vote_average": 7.0,
        "overview": "공룡들의 터전이었던 이슬라 누블라 섬이 파괴된 후,  마침내 공룡들은 섬을 벗어나 세상 밖으로 출몰한다. 지상에 함께 존재해선 안 될 위협적 생명체인 공룡의 등장으로 인류 역사상 겪어보지 못한 사상 최악의 위기를 맞이한 인간들. 지구의 최상위 포식자 자리를 걸고 인간과 공룡의 최후의 사투가 펼쳐진다.",
        "poster_path": "/odxdUZWZ7fBfy3ZRj063wuJnZvo.jpg",
        "genres": [
            12,
            28,
            878
        ],
        "actors": [
            4783,
            4784,
            4785,
            18997,
            73457
        ],
        "directors": [
            930707
        ]
    }
},
{
    "model": "movies.movie",
    "pk": 532639,
    "fields": {
        "title": "피노키오",
        "release_date": "2022-09-07",
        "popularity": 1010.629,
        "vote_count": 1067,
        "vote_average": 6.7,
        "overview": "목수 ‘제페토’의 간절한 소원으로 태어난 나무 인형 ‘피노키오’는  진짜 사람이 되기 위해 자신의 양심이 되어줄 귀뚜라미 ‘지미니’와 함께  진실되고 용감한 마음을 가지기로 약속한다.  그러나 거리의 교활한 여우의 꾀임에 넘어간 피노키오는 서커스단에 들어가게 되고, 이기적인 어른들의 욕심으로 철장에 갇혀버리고 만다.  한편, 사라진 피노키오를 찾기 위해 길을 나선 ‘제페토’는 폭우 속에 목숨을 잃을 위기에 처하고 마는데…",
        "poster_path": "/aFVjf2zcFzoNgbDKDEHiIw2g1DR.jpg",
        "genres": [
            12,
            14,
            10751
        ],
        "actors": [
            31,
            24045,
            114019,
            1765068,
            2382044
        ],
        "directors": [
            24
        ]
    }
},
{
    "model": "movies.movie",
    "pk": 575322,
    "fields": {
        "title": "제미나이: 지구 최후의 날",
        "release_date": "2022-01-06",
        "popularity": 867.89,
        "vote_count": 167,
        "vote_average": 5.6,
        "overview": "치명적인 바이러스로 지구의 식물들이 파괴된 지 3년 후 산소가 부족해지고 과학자들은 전 인류를 구하기 위해 새로운 행성을 찾는 미션을 받고 우주로 떠난다. 하지만, 우주선은 입력한 궤도와는 전혀 다른 방향으로 이끌려가 알 수 없는 행성에 고립되고 비행 멤버들은 상상할 수 없는 존재로부터 공격을 받기 시작하는데…!",
        "poster_path": "/iVwd4NKcvWIfxP36DsCBHd7lqEE.jpg",
        "genres": [
            878
        ],
        "actors": [
            177129,
            238523,
            1265148,
            1280426,
            1745329
        ],
        "directors": [
            3183304
        ]
    }
},
{
    "model": "movies.movie",
    "pk": 616037,
    "fields": {
        "title": "토르: 러브 앤 썬더",
        "release_date": "2022-07-06",
        "popularity": 980.966,
        "vote_count": 4650,
        "vote_average": 6.7,
        "overview": "이너피스를 위해 자아 찾기 여정을 떠난 천둥의 신 토르. 그러나 우주의 모든 신들을 몰살하려는 신 도살자 고르의 등장으로 토르의 안식년 계획은 산산조각 나 버린다. 토르는새로운 위협에 맞서기 위해 킹 발키리, 코르그, 그리고 전 여자친구 제인과 재회하게 되고, 그녀가 묠니르를 휘두르는 마이티 토르가 되어 나타나 모두를 놀라게 한다. 이제 팀 토르는 고르의 복수에 얽힌 미스터리를 밝히고 더 큰 전쟁을 막기 위한 전 우주적 스케일의 모험을 시작하는데...",
        "poster_path": "/un8ZDtx2SMwNwXRYy65aItnNjab.jpg",
        "genres": [
            14,
            28,
            35
        ],
        "actors": [
            524,
            3894,
            59817,
            62561,
            74568
        ],
        "directors": [
            55934
        ]
    }
},
{
    "model": "movies.movie",
    "pk": 634649,
    "fields": {
        "title": "스파이더맨: 노 웨이 홈",
        "release_date": "2021-12-15",
        "popularity": 772.148,
        "vote_count": 15825,
        "vote_average": 8.0,
        "overview": "미스테리오의 계략으로 세상에 정체가 탄로난 스파이더맨 피터 파커는 하루 아침에 평범한 일상을 잃게 된다. 문제를 해결하기 위해 닥터 스트레인지를 찾아가 도움을 청하지만 뜻하지 않게 멀티버스가 열리면서 각기 다른 차원의 불청객들이 나타난다. 닥터 옥토퍼스를 비롯해 스파이더맨에게 깊은 원한을 가진 숙적들의 강력한 공격에 피터 파커는 사상 최악의 위기를 맞게 되는데…",
        "poster_path": "/voddFVdjUoAtfoZZp2RUmuZILDI.jpg",
        "genres": [
            12,
            28,
            878
        ],
        "actors": [
            15277,
            71580,
            505710,
            1136406,
            1649152
        ],
        "directors": [
            1293994
        ]
    }
},
{
    "model": "movies.movie",
    "pk": 642885,
    "fields": {
        "title": "호커스 포커스 2",
        "release_date": "2022-09-27",
        "popularity": 984.99,
        "vote_count": 1098,
        "vote_average": 7.5,
        "overview": "누군가가 검은 불꽃 초에 불을 붙여 17세기에 활동했던 자매들을 되살린 지도 29년이 흘렀다. 이제 자매들은 원수를 갚으려 한다. 핼러윈 전날의 동이 터오기 전에 세일럼에서 대혼란을 일으키려는 마녀들을 막아설 사람은 세 고등학생뿐이다.",
        "poster_path": "/xpDdvIaTHn38F17pPseL1MQI05B.jpg",
        "genres": [
            14,
            35,
            10751
        ],
        "actors": [
            520,
            11074,
            73931,
            1842860,
            2381442
        ],
        "directors": [
            29214
        ]
    }
},
{
    "model": "movies.movie",
    "pk": 663712,
    "fields": {
        "title": "테리파이어 2",
        "release_date": "2022-10-06",
        "popularity": 2492.377,
        "vote_count": 597,
        "vote_average": 7.0,
        "overview": "",
        "poster_path": "/b6IRp6Pl2Fsq37r9jFhGoLtaqHm.jpg",
        "genres": [
            27,
            53
        ],
        "actors": [
            1880016,
            1882502,
            2787720,
            3383606,
            3678959
        ],
        "directors": [
            933176
        ]
    }
},
{
    "model": "movies.movie",
    "pk": 675054,
    "fields": {
        "title": "MexZombies",
        "release_date": "2022-10-26",
        "popularity": 2076.848,
        "vote_count": 74,
        "vote_average": 7.3,
        "overview": "",
        "poster_path": "/85zufUxhD97k2s5Bu2u101Qd8Sg.jpg",
        "genres": [
            27,
            28,
            35
        ],
        "actors": [
            1240118,
            1310902,
            2177750,
            2385744,
            3468540
        ],
        "directors": [
            964826
        ]
    }
},
{
    "model": "movies.movie",
    "pk": 676701,
    "fields": {
        "title": "Tadeo Jones 3: La Tabla Esmeralda",
        "release_date": "2022-08-24",
        "popularity": 1347.998,
        "vote_count": 71,
        "vote_average": 7.8,
        "overview": "",
        "poster_path": "/8ZJjRunZbkMSXcRHiqAdQiecXYz.jpg",
        "genres": [
            12,
            14,
            16,
            35,
            10751
        ],
        "actors": [
            114460,
            114463,
            1021607,
            1164823,
            3641083
        ],
        "directors": [
            1074721
        ]
    }
},
{
    "model": "movies.movie",
    "pk": 717728,
    "fields": {
        "title": "Jeepers Creepers: Reborn",
        "release_date": "2022-09-15",
        "popularity": 1135.787,
        "vote_count": 456,
        "vote_average": 5.8,
        "overview": "",
        "poster_path": "/qVVegwPsW6n9unBtLWq1rzOutka.jpg",
        "genres": [
            27,
            53,
            9648
        ],
        "actors": [
            1070855,
            1817397,
            2738561,
            3326872,
            3425159
        ],
        "directors": [
            66212
        ]
    }
},
{
    "model": "movies.movie",
    "pk": 718930,
    "fields": {
        "title": "불릿 트레인",
        "release_date": "2022-07-03",
        "popularity": 885.009,
        "vote_count": 2312,
        "vote_average": 7.5,
        "overview": "운이 없기로 유명한 킬러 레이디버그는 초고속 열차에 탑승해 의문의 서류 가방을 가져오라는 미션을 받는다. 생각보다 쉽게 미션을 클리어한 후 열차에서 내리려는 그를 가로막는 것이 있었으니,  그것은 바로 전세계에서 몰려든 초특급 킬러들. 열차에서 내릴 수 없다면 목숨을 걸고 가방을 지켜야만 한다. 과연 레이디버그는 무사히 열차에서 내려 미션을 완수할 수 있을까?",
        "poster_path": "/msh4N8dxHk4FeEPZ8VBqHQFQYjI.jpg",
        "genres": [
            28,
            35,
            53
        ],
        "actors": [
            287,
            27428,
            125025,
            226366,
            1658375
        ],
        "directors": [
            40684
        ]
    }
},
{
    "model": "movies.movie",
    "pk": 732459,
    "fields": {
        "title": "47 로닌의 검",
        "release_date": "2022-10-25",
        "popularity": 1481.229,
        "vote_count": 72,
        "vote_average": 6.9,
        "overview": "",
        "poster_path": "/kjFDIlUCJkcpFxYKtE6OsGcAfQQ.jpg",
        "genres": [
            14,
            28
        ],
        "actors": [
            18702,
            61632,
            101626,
            1267375,
            2252174
        ],
        "directors": [
            61703
        ]
    }
},
{
    "model": "movies.movie",
    "pk": 760161,
    "fields": {
        "title": "오펀: 천사의 탄생",
        "release_date": "2022-07-27",
        "popularity": 1338.818,
        "vote_count": 1291,
        "vote_average": 6.8,
        "overview": "엄청난 비밀을 숨긴 사이코패스가 에스토니아의 정신병동을 탈출, 부유한 가족의 실종된 딸 ‘에스더’로 사칭해 미국에 온다. 재회의 기쁨도 잠시, 어딘지 낯선 딸의 정체를 눈치챈 엄마는 가족을 지키기 위해 에스더와 맞서는데...  누구도 상상 못한 충격적인 반전이 기다린다!",
        "poster_path": "/vKIhsEVEtLTwTkmLSDNi230Zr3Q.jpg",
        "genres": [
            27,
            53
        ],
        "actors": [
            12041,
            58014,
            60719,
            77517,
            2563029
        ],
        "directors": [
            62768
        ]
    }
},
{
    "model": "movies.movie",
    "pk": 766507,
    "fields": {
        "title": "프레이",
        "release_date": "2022-08-02",
        "popularity": 817.303,
        "vote_count": 4591,
        "vote_average": 7.9,
        "overview": "300년 전 아메리카, 용맹한 전사를 꿈꾸는 원주민 소녀 나루는 갑작스러운 곰의 습격으로 절체절명의 위기에 놓인 순간, 정체를 알 수 없는 외계 포식자 프레데터를 목격하게 된다.  자신보다 강한 상대를 향한 무자비한 사냥을 시작한 프레데터. 최첨단 기술과 무기로 진화된 외계 포식자 프레데터의 위협이 점점 다가오고 나루는 부족을 지키기 위해 자신만의 기지와 무기로 생존을 건 사투를 시작하는데…",
        "poster_path": "/eicYAopFKOL3orcNTJZ4TGtZQQ1.jpg",
        "genres": [
            28,
            53,
            878
        ],
        "actors": [
            87126,
            1061054,
            1654001,
            3316731,
            3675371
        ],
        "directors": [
            568322
        ]
    }
},
{
    "model": "movies.movie",
    "pk": 779782,
    "fields": {
        "title": "선과 악의 학교",
        "release_date": "2022-10-19",
        "popularity": 813.476,
        "vote_count": 582,
        "vote_average": 7.3,
        "overview": "절친 소피와 아가사는 어느 날 신비한 존재에 의해 마법 학교로 휩쓸려 간다. 이 학교는 미래의 동화 속 영웅과 악당을 키워내는 곳. 운명을 알 길 없는 이곳에서 두 친구의 우정은 계속될 수 있을까.",
        "poster_path": "/xr3oGJYQWLunuw7L5myo4VT8DBz.jpg",
        "genres": [
            14,
            18,
            28
        ],
        "actors": [
            2975,
            6885,
            11703,
            1494194,
            1768965
        ],
        "directors": [
            116805
        ]
    }
},
{
    "model": "movies.movie",
    "pk": 807356,
    "fields": {
        "title": "왓쳐",
        "release_date": "2022-06-03",
        "popularity": 788.6,
        "vote_count": 285,
        "vote_average": 6.3,
        "overview": "한 젊은 미국 여성이 남편과 함께 루마니아의 부쿠레슈티로 이사한 뒤 길 건너편 아파트에서 자신을 지켜보는 낯선 사람이 연쇄 살인범일 수도 있다고 의심을 하기 시작하면서 여성에게 벌어지는 공포스러운 이야기를 담은 영화",
        "poster_path": "/dXCjoI3jdtBrwPHgVsyNLkl8Rvs.jpg",
        "genres": [
            27,
            53,
            9648
        ],
        "actors": [
            39659,
            1094091,
            1327613,
            2259660,
            3395098
        ],
        "directors": [
            1451203
        ]
    }
},
{
    "model": "movies.movie",
    "pk": 829280,
    "fields": {
        "title": "에놀라 홈즈 2",
        "release_date": "2022-11-04",
        "popularity": 2446.024,
        "vote_count": 853,
        "vote_average": 7.8,
        "overview": "탐정이 된 후 첫 번째 사건을 수임한 에놀라. 하지만 실종된 소녀의 미스터리를 풀기 위해서는 친구들의 도움이 필요하다. 어쩌면 오빠 셜록의 도움까지도.",
        "poster_path": "/S6fDnntDjduIWuLW2GcqFasobD.jpg",
        "genres": [
            12,
            80,
            9648
        ],
        "actors": [
            1283,
            11207,
            73968,
            1356210,
            1558986
        ],
        "directors": [
            173847
        ]
    }
},
{
    "model": "movies.movie",
    "pk": 830788,
    "fields": {
        "title": "디 인비테이션",
        "release_date": "2022-08-24",
        "popularity": 871.864,
        "vote_count": 321,
        "vote_average": 6.4,
        "overview": "가족이 없는 이비는 우연히 DNA 검사를 받기로 결정한 후, 그녀가  몰랐던 먼 친척이 있음을 발견한다. 새로운 친척의 초대를 받은 이비는 멋진 영국 시골 결혼식에 참석을 하게 된다. 대저택의 영주인 월터를 만나게 되면서 그녀가 몰랐던 자신의 끔찍한 배경과 가족의 과거에 대한 어둡고 뒤틀린 비밀을 알게 되는데...",
        "poster_path": "/jcTq6gIskCsHlKDvCKKouEfiU66.jpg",
        "genres": [
            27,
            53
        ],
        "actors": [
            1142724,
            1206337,
            1251069,
            1729496,
            1922337
        ],
        "directors": [
            1709460
        ]
    }
},
{
    "model": "movies.movie",
    "pk": 833097,
    "fields": {
        "title": "폴링 포 크리스마스",
        "release_date": "2022-11-10",
        "popularity": 807.512,
        "vote_count": 158,
        "vote_average": 7.0,
        "overview": "스키 여행 중 사고로 기억을 잃은 철없는 상속녀. 아내와 사별 후 힘든 상황에 놓인 남자와 딸의 포근한 보살핌 속에 크리스마스를 보낸다.",
        "poster_path": "/6GkphwL9s6dZb3DoQS9OQ4LcPgY.jpg",
        "genres": [
            35,
            10749
        ],
        "actors": [
            49265,
            138887,
            232501,
            1622199,
            1978944
        ],
        "directors": [
            62079
        ]
    }
},
{
    "model": "movies.movie",
    "pk": 848058,
    "fields": {
        "title": "피기",
        "release_date": "2022-10-07",
        "popularity": 714.693,
        "vote_count": 195,
        "vote_average": 6.7,
        "overview": "스페인 남부의 여름. 사라는 냉담한 가족들이 경영하는 정육점에 박혀 다른 누군가가 되는 것을 꿈꾼다. 설상가상 다른 여자아이들로부터 지속적인 괴롭힘을 당한다. 어느 날, 강에서 사라는 정체를 알 수 없는 낯선 사람이 사라를 괴롭혔던 아이들을 납치하는 것을 목격한다. 사라가 소리를 질러야 할까?",
        "poster_path": "/kmCjZjm4CHuuJdwUdn3h93WqDdR.jpg",
        "genres": [
            18,
            27,
            53
        ],
        "actors": [
            102222,
            1260914,
            1510952,
            1609925,
            2013136
        ],
        "directors": [
            1987284
        ]
    }
},
{
    "model": "movies.movie",
    "pk": 848526,
    "fields": {
        "title": "Arsenault & Fils",
        "release_date": "2022-06-17",
        "popularity": 844.427,
        "vote_count": 5,
        "vote_average": 5.1,
        "overview": "",
        "poster_path": "/2symxAMYXpJ9mJ8YOc2b5ZEKIAQ.jpg",
        "genres": [
            18,
            53
        ],
        "actors": [
            81418,
            95956,
            240742,
            1658206,
            1683979
        ],
        "directors": [
            227722
        ]
    }
},
{
    "model": "movies.movie",
    "pk": 852046,
    "fields": {
        "title": "아테나",
        "release_date": "2022-09-09",
        "popularity": 700.037,
        "vote_count": 359,
        "vote_average": 6.6,
        "overview": "어린 소년이 살해된 비극적인 사건을 계기로 아테나 지구에 전면전이 촉발된다. 그리고 피해자의 형들이 그 치열한 대립의 한가운데에 놓이는데.",
        "poster_path": "/gnmN3Pp3B7sehENfjGJUlrwNxcr.jpg",
        "genres": [
            18,
            28,
            53
        ],
        "actors": [
            47335,
            1660839,
            1710851,
            1940747,
            3163471
        ],
        "directors": [
            78207
        ]
    }
},
{
    "model": "movies.movie",
    "pk": 856245,
    "fields": {
        "title": "투 킬 더 비스트",
        "release_date": "2022-04-28",
        "popularity": 1243.353,
        "vote_count": 14,
        "vote_average": 5.9,
        "overview": "열일곱 살 에밀리아는 이모 이네스의 호스텔에 도착하는데, 그곳에는 위험한 야수가 어슬렁거린다는 소문이 돌고 있다. 성(性)에 눈을 뜨기 위한 여정을 떠난 에밀리아는 야수를 죽이기 위해 자신의 과거와 맞서야만 한다.",
        "poster_path": "/epmWB73CmhoNkHXTf9aAiMhJLhN.jpg",
        "genres": [
            14,
            53,
            9648
        ],
        "actors": [
            55012,
            1961671,
            3035813,
            3181204,
            3181205
        ],
        "directors": [
            1657527
        ]
    }
},
{
    "model": "movies.movie",
    "pk": 862965,
    "fields": {
        "title": "에밀리 더 크리미널",
        "release_date": "2022-08-12",
        "popularity": 883.308,
        "vote_count": 171,
        "vote_average": 6.8,
        "overview": "",
        "poster_path": "/iZvzMpREGiqDQ5eYbx8z70qPgst.jpg",
        "genres": [
            18,
            53,
            80,
            9648
        ],
        "actors": [
            11150,
            25382,
            51995,
            119592,
            1807178
        ],
        "directors": [
            1099792
        ]
    }
},
{
    "model": "movies.movie",
    "pk": 882598,
    "fields": {
        "title": "스마일",
        "release_date": "2022-09-23",
        "popularity": 2442.625,
        "vote_count": 519,
        "vote_average": 6.7,
        "overview": "기괴한 미소를 지으며 자신의 눈 앞에서 목숨을 끊는 환자를 목격한 정신과 의사 ‘로즈’. 그날 이후로 ‘로즈’의 일상에 설명할 수 없는 끔찍한 일들이 잇따라 발생한다. 일상을 덮친 공포에 발버둥치던 ‘로즈’는 이전에도 자신과 같은 일을 겪은 사람들이 있었고 그들 모두 끔찍한 죽음을 피할 수 없었다는 사실을 알게 된다. 시시각각 다가오는 죽음에서 벗어나기 위해 사투를 벌이던 로즈는 잊고 싶던 과거와 마주하게 되는데…",
        "poster_path": "/8ncuVFt4e0M2NTTsoPtbxfWN5dO.jpg",
        "genres": [
            27,
            53,
            9648
        ],
        "actors": [
            53493,
            59219,
            145245,
            198847,
            1396124
        ],
        "directors": [
            2218465
        ]
    }
},
{
    "model": "movies.movie",
    "pk": 896485,
    "fields": {
        "title": "오버도즈",
        "release_date": "2022-11-04",
        "popularity": 1280.408,
        "vote_count": 68,
        "vote_average": 6.6,
        "overview": "툴루즈 경찰서의 사라 벨라이슈 경감은 파리에서 온 리샤르 크로스 반장의 지휘하에 긴밀하게 얽힌 두 10대의 살인 사건을 수사한다. 상반되는 수사 방식에도 범인을 찾기 위해 어쩔 수 없이 합동 수사를 벌여야 하는 사라와 리샤르는 스페인과 프랑스에서 시간에 쫓기는 싸움을 벌인다.",
        "poster_path": "/9RvM4wawLRlX608FgZr9kL8CLmy.jpg",
        "genres": [
            28,
            53,
            80
        ],
        "actors": [
            20671,
            26282,
            110424,
            1003260,
            1018984
        ],
        "directors": [
            52342
        ]
    }
},
{
    "model": "movies.movie",
    "pk": 900667,
    "fields": {
        "title": "원피스 필름 레드",
        "release_date": "2022-08-06",
        "popularity": 715.562,
        "vote_count": 175,
        "vote_average": 7.3,
        "overview": "오직 목소리 하나로 전 세계를 사로잡은 디바 ‘우타’.  그녀가 모습을 드러내는 첫 라이브 콘서트가 음악의 섬 ‘엘레지아’에서 열리고  ‘루피’가 이끄는 밀짚모자 해적단과 함께 수많은 ‘우타’ 팬들로 공연장은 가득 찬다.  그리고 이 콘서트를 둘러싼 해적들과 해군들의 수상한 움직임이 시작되는데…  드디어 전세계가 애타게 기다리던 ‘우타’의 등장과 함께 노래가 울려 퍼지고,  그녀가 ‘샹크스의 딸’이라는 충격적인 사실이 드러난다.  ‘루피’, ‘우타’, ‘샹크스’, 세 사람의 과거가 그녀의 노랫소리와 함께 밝혀진다! 여기에서",
        "poster_path": "/q9Ul66mQDGpAvqUrTZdSMSzym5w.jpg",
        "genres": [
            12,
            14,
            16,
            28
        ],
        "actors": [
            65510,
            84507,
            90133,
            90561,
            203473
        ],
        "directors": [
            90502
        ]
    }
},
{
    "model": "movies.movie",
    "pk": 944864,
    "fields": {
        "title": "테이크오버",
        "release_date": "2022-11-01",
        "popularity": 1010.163,
        "vote_count": 63,
        "vote_average": 5.7,
        "overview": "개인정보 탈취 음모를 발견한 뒤 살인 누명을 쓰게 된 화이트 해커. 경찰로부터 도주 중인 그녀가 자신을 협박하는 범죄자들의 정체를 밝히기 위해 싸운다.",
        "poster_path": "/fNbsrrNSuSkfo3FyDNPp9DGkhgX.jpg",
        "genres": [
            28,
            53,
            80
        ],
        "actors": [
            43643,
            567001,
            1112244,
            1287876,
            1486382
        ],
        "directors": [
            1282094
        ]
    }
},
{
    "model": "movies.movie",
    "pk": 948276,
    "fields": {
        "title": "사라진 탄환 2",
        "release_date": "2022-11-10",
        "popularity": 704.481,
        "vote_count": 70,
        "vote_average": 7.5,
        "overview": "누명을 벗은 천재 자동차 정비공 리노. 이제 그의 마음속에 남은 목표는 단 하나. 동생과 멘토를 죽인 비리 경찰들에게 복수하는 것이다.",
        "poster_path": "/A84Usw0jwhh5RPAKZV7gwP532Fl.jpg",
        "genres": [
            18,
            28,
            53
        ],
        "actors": [
            83966,
            126771,
            220692,
            221633,
            1145003
        ],
        "directors": [
            1188208
        ]
    }
},
{
    "model": "movies.movie",
    "pk": 960704,
    "fields": {
        "title": "강철의 연금술사 완결편: 최후의 연성",
        "release_date": "2022-06-24",
        "popularity": 855.1,
        "vote_count": 119,
        "vote_average": 6.3,
        "overview": "엘릭 형제의 길고 파란만장했던 여정, 그 종지부를 찍을 완결편 2부작의 마지막 작품. 에드워드와 알폰스가 국가 전체를 뒤흔들 초월적인 위협에 맞선다.",
        "poster_path": "/qJD1kg5vrKKllZaZWyELVdxdbid.jpg",
        "genres": [
            12,
            14,
            28
        ],
        "actors": [
            114725,
            1247874,
            1255487,
            1462267,
            1488591
        ],
        "directors": [
            70103
        ]
    }
},
{
    "model": "movies.movie",
    "pk": 966220,
    "fields": {
        "title": "Снайпер. Білий ворон",
        "release_date": "2022-05-03",
        "popularity": 2583.55,
        "vote_count": 71,
        "vote_average": 7.4,
        "overview": "",
        "poster_path": "/66mrr3AK6grmkfGJ1wlCP8dkzjM.jpg",
        "genres": [
            18,
            28,
            10752
        ],
        "actors": [
            1916805,
            2039497,
            2232024,
            2342168,
            3258776
        ],
        "directors": [
            3518356
        ]
    }
},
{
    "model": "movies.movie",
    "pk": 979924,
    "fields": {
        "title": "온 더 라인",
        "release_date": "2022-10-31",
        "popularity": 1753.333,
        "vote_count": 103,
        "vote_average": 6.6,
        "overview": "진행자가 전화를 받는데, 이 전화에서 정체를 알 수 없는 사람이  쇼맨의 온 가족을 죽이겠다고 협박합니다. 사랑하는 사람들을 구하기 위해  라디오 진행자는 생존 게임을 해야 할 것이고  이길 수 있는 유일한 방법은 범인의 신원을 알아내는 것입니다.",
        "poster_path": "/jVmWI8PqoVTHCnrLYAcyrclzeY0.jpg",
        "genres": [
            53
        ],
        "actors": [
            2461,
            5528,
            6863,
            19197,
            34627
        ],
        "directors": [
            1564258
        ]
    }
},
{
    "model": "movies.movie",
    "pk": 985939,
    "fields": {
        "title": "폴: 600미터",
        "release_date": "2022-08-11",
        "popularity": 1335.168,
        "vote_count": 1739,
        "vote_average": 7.3,
        "overview": "내려갈 길이 끊겨버린 600미터 TV 타워 위에서  두 명의 친구가 살아남기 위해 펼치는 사상 최초의 고공 서바이벌 여기에서",
        "poster_path": "/8huJowZK1t7MNLEKo3dgLAxmiLW.jpg",
        "genres": [
            53
        ],
        "actors": [
            47296,
            54633,
            945542,
            1279279,
            2174509
        ],
        "directors": [
            90812
        ]
    }
},
{
    "model": "movies.movie",
    "pk": 1033107,
    "fields": {
        "title": "와일드 이즈 더 윈드",
        "release_date": "2022-10-28",
        "popularity": 987.668,
        "vote_count": 30,
        "vote_average": 5.8,
        "overview": "젊은 여성이 잔인하게 살해된 채 발견되면서 부패 경찰 두 명이 사건 수사에 착수한다. 그와 함께, 인종차별이 만연한 소도시에서는 사람들의 갈등이 극에 달하는데.",
        "poster_path": "/rITxQBtnMpneZf8QzH1dqONQocx.jpg",
        "genres": [
            18,
            80
        ],
        "actors": [
            2614,
            93913,
            1181396,
            1358443,
            3731854
        ],
        "directors": [
            3744992
        ]
    }
}
]
